<ui:UiBinder xmlns:ui='urn:ui:com.google.gwt.uibinder'
             xmlns:g='urn:import:com.google.gwt.user.client.ui'>
    <ui:with type="com.pvr.demo.client.common.pvrresources.PvrResources" field="res" />
    <g:DockLayoutPanel ui:field="dashField" unit='PCT' width="100%" height="100%">

        <g:north size="100">
            <g:VerticalPanel width="100%" height="100%">
                <g:HorizontalPanel width="100%" height="50%">
                    <g:Cell width="100%" height="33%">
                        <g:VerticalPanel width="100%" height="100%" borderWidth="2">
                            <g:Cell width="100%" height="5%">
                                <g:VerticalPanel width="100%" height="5%">
                                    <g:Label ui:field="lblName" addStyleNames="{res.myStyle.moduleHeaderLabel}" width="100%" height="5%">General Details </g:Label>
                                </g:VerticalPanel>
                            </g:Cell>
                            <g:Cell width="100%" height="100%"  addStyleNames="{res.myStyle.paddingPanel}">
                                <g:HorizontalPanel width="100%" height="100%"  addStyleNames="{res.myStyle.paddingPanel}">
                                    <g:Cell width="50%" height="100%">
                                        <g:VerticalPanel width="50%" height="100%">
                                            <g:HorizontalPanel width="100%" height="20%">
                                                <g:Label text="RefID" width="50%" height="100%"/>
                                                <g:Cell width="50%" height="100%">
                                                    <g:TextBox ui:field="txtname"/>
                                                </g:Cell>
                                            </g:HorizontalPanel>
                                            <g:HorizontalPanel height="20%" width="100%">
                                                <g:Cell width="50%" height="100%">
                                                    <g:Label text="Banking Unit" width="50%" height="100%"/>
                                                </g:Cell>
                                                <g:Cell width="50%" height="100%">
                                                    <g:TextBox />
                                                </g:Cell>
                                            </g:HorizontalPanel>
                                            <g:HorizontalPanel height="20%" width="100%">
                                                <g:Cell width="50%" height="100%">
                                                    <g:Label text="KA Code" width="50%" height="100%"/>
                                                </g:Cell>
                                                <g:Cell width="50%" height="100%">
                                                    <g:TextBox />
                                                </g:Cell>
                                            </g:HorizontalPanel>
                                            <g:HorizontalPanel height="20%" width="100%">
                                                <g:Cell width="50%" height="100%">
                                                    <g:Label text="Global Business Code" width="50%" height="100%"/>
                                                </g:Cell>
                                                <g:Cell width="50%" height="100%">
                                                    <g:TextBox />
                                                </g:Cell>
                                            </g:HorizontalPanel>
                                            <g:HorizontalPanel height="20%" width="100%">
                                                <g:Cell width="50%" height="100%">
                                                    <g:Label text="Tnx Value Date" width="50%" height="100%"/>
                                                </g:Cell>
                                                <g:Cell width="50%" height="100%">
                                                    <g:TextBox />
                                                </g:Cell>

                                            </g:HorizontalPanel>
                                        </g:VerticalPanel>
                                    </g:Cell>
                                    <g:Cell width="50%" height="100%">
                                        <g:VerticalPanel height="100%" width="50%">
                                            <g:HorizontalPanel height="20%" width="100%">
                                                <g:Cell width="50%" height="100%">
                                                    <g:Label text="Risk Party Code"/>
                                                </g:Cell>
                                                <g:Cell width="50%" height="100%">
                                                    <g:TextBox/>
                                                </g:Cell>
                                            </g:HorizontalPanel>
                                            <g:HorizontalPanel height="20%" width="100%">
                                                <g:Cell width="50%" height="100%">
                                                    <g:Label text="Our Customer"/>
                                                </g:Cell>
                                                <g:Cell width="50%" height="100%">
                                                    <g:TextBox/>
                                                </g:Cell>
                                            </g:HorizontalPanel>
                                            <g:HorizontalPanel height="20%" width="100%">
                                                <g:Cell width="50%" height="100%">
                                                    <g:Label text="Staff"/>
                                                </g:Cell>
                                                <g:Cell width="50%" height="100%">
                                                    <g:TextBox/>
                                                </g:Cell>
                                            </g:HorizontalPanel>
                                            <g:HorizontalPanel height="20%" width="100%">
                                                <g:Cell width="50%" height="100%">
                                                    <g:Label text="Department"/>
                                                </g:Cell>
                                                <g:Cell width="50%" height="100%">
                                                    <g:TextBox/>
                                                </g:Cell>
                                            </g:HorizontalPanel>
                                        </g:VerticalPanel>
                                    </g:Cell>
                                </g:HorizontalPanel>
                            </g:Cell>
                        </g:VerticalPanel>
                    </g:Cell>

                </g:HorizontalPanel>
                <g:HorizontalPanel width="100%" height="25%">
                    <g:Cell width="100%" height="33%">
                        <g:VerticalPanel width="100%" height="100%" borderWidth="2">
                            <g:Cell width="100%" height="5%">
                                <g:VerticalPanel width="100%" height="5%">
                                    <g:Label ui:field="lblName1" addStyleNames="{res.myStyle.moduleHeaderLabel}" width="100%" height="5%">General Details </g:Label>
                                </g:VerticalPanel>
                            </g:Cell>
                            <g:Cell width="100%" height="100%"  addStyleNames="{res.myStyle.paddingPanel}">
                                <g:HorizontalPanel width="100%" height="100%"  addStyleNames="{res.myStyle.paddingPanel}">
                                    <g:Cell width="50%" height="100%">
                                        <g:VerticalPanel width="50%" height="100%">
                                            <g:HorizontalPanel width="100%" height="20%">
                                                <g:Label text="RefID" width="50%" height="100%"/>
                                                <g:Cell width="50%" height="100%">
                                                    <g:TextBox ui:field="txtname1"/>
                                                </g:Cell>
                                            </g:HorizontalPanel>
                                            <g:HorizontalPanel height="20%" width="100%">
                                                <g:Cell width="50%" height="100%">
                                                    <g:Label text="Banking Unit" width="50%" height="100%"/>
                                                </g:Cell>
                                                <g:Cell width="50%" height="100%">
                                                    <g:TextBox />
                                                </g:Cell>
                                            </g:HorizontalPanel>
                                            <g:HorizontalPanel height="20%" width="100%">
                                                <g:Cell width="50%" height="100%">
                                                    <g:Label text="KA Code" width="50%" height="100%"/>
                                                </g:Cell>
                                                <g:Cell width="50%" height="100%">
                                                    <g:TextBox />
                                                </g:Cell>
                                            </g:HorizontalPanel>
                                            <g:HorizontalPanel height="20%" width="100%">
                                                <g:Cell width="50%" height="100%">
                                                    <g:Label text="Global Business Code" width="50%" height="100%"/>
                                                </g:Cell>
                                                <g:Cell width="50%" height="100%">
                                                    <g:TextBox />
                                                </g:Cell>
                                            </g:HorizontalPanel>
                                            <g:HorizontalPanel height="20%" width="100%">
                                                <g:Cell width="50%" height="100%">
                                                    <g:Label text="Tnx Value Date" width="50%" height="100%"/>
                                                </g:Cell>
                                                <g:Cell width="50%" height="100%">
                                                    <g:TextBox />
                                                </g:Cell>

                                            </g:HorizontalPanel>
                                        </g:VerticalPanel>
                                    </g:Cell>
                                    <g:Cell width="50%" height="100%">
                                        <g:VerticalPanel height="100%" width="50%">
                                            <g:HorizontalPanel height="20%" width="100%">
                                                <g:Cell width="50%" height="100%">
                                                    <g:Label text="Risk Party Code"/>
                                                </g:Cell>
                                                <g:Cell width="50%" height="100%">
                                                    <g:TextBox/>
                                                </g:Cell>
                                            </g:HorizontalPanel>
                                            <g:HorizontalPanel height="20%" width="100%">
                                                <g:Cell width="50%" height="100%">
                                                    <g:Label text="Our Customer"/>
                                                </g:Cell>
                                                <g:Cell width="50%" height="100%">
                                                    <g:TextBox/>
                                                </g:Cell>
                                            </g:HorizontalPanel>
                                            <g:HorizontalPanel height="20%" width="100%">
                                                <g:Cell width="50%" height="100%">
                                                    <g:Label text="Staff"/>
                                                </g:Cell>
                                                <g:Cell width="50%" height="100%">
                                                    <g:TextBox/>
                                                </g:Cell>
                                            </g:HorizontalPanel>
                                            <g:HorizontalPanel height="20%" width="100%">
                                                <g:Cell width="50%" height="100%">
                                                    <g:Label text="Department"/>
                                                </g:Cell>
                                                <g:Cell width="50%" height="100%">
                                                    <g:TextBox/>
                                                </g:Cell>
                                            </g:HorizontalPanel>
                                        </g:VerticalPanel>
                                    </g:Cell>
                                </g:HorizontalPanel>
                            </g:Cell>
                        </g:VerticalPanel>
                    </g:Cell>
                </g:HorizontalPanel>
                <g:HorizontalPanel width="100%" height="25%">
                    <g:Cell width="100%" height="33%">
                        <g:VerticalPanel width="100%" height="100%" borderWidth="2">
                            <g:Cell width="100%" height="5%">
                                <g:VerticalPanel width="100%" height="5%">
                                    <g:Label ui:field="lblName2" addStyleNames="{res.myStyle.moduleHeaderLabel}" width="100%" height="5%">General Details </g:Label>
                                </g:VerticalPanel>
                            </g:Cell>
                            <g:Cell width="100%" height="100%"  addStyleNames="{res.myStyle.paddingPanel}">
                                <g:HorizontalPanel width="100%" height="100%"  addStyleNames="{res.myStyle.paddingPanel}">
                                    <g:Cell width="50%" height="100%">
                                        <g:VerticalPanel width="50%" height="100%">
                                            <g:HorizontalPanel width="100%" height="20%">
                                                <g:Label text="RefID" width="50%" height="100%"/>
                                                <g:Cell width="50%" height="100%">
                                                    <g:TextBox ui:field="txtname2"/>
                                                </g:Cell>
                                            </g:HorizontalPanel>
                                            <g:HorizontalPanel height="20%" width="100%">
                                                <g:Cell width="50%" height="100%">
                                                    <g:Label text="Banking Unit" width="50%" height="100%"/>
                                                </g:Cell>
                                                <g:Cell width="50%" height="100%">
                                                    <g:TextBox />
                                                </g:Cell>
                                            </g:HorizontalPanel>
                                            <g:HorizontalPanel height="20%" width="100%">
                                                <g:Cell width="50%" height="100%">
                                                    <g:Label text="KA Code" width="50%" height="100%"/>
                                                </g:Cell>
                                                <g:Cell width="50%" height="100%">
                                                    <g:TextBox />
                                                </g:Cell>
                                            </g:HorizontalPanel>
                                            <g:HorizontalPanel height="20%" width="100%">
                                                <g:Cell width="50%" height="100%">
                                                    <g:Label text="Global Business Code" width="50%" height="100%"/>
                                                </g:Cell>
                                                <g:Cell width="50%" height="100%">
                                                    <g:TextBox />
                                                </g:Cell>
                                            </g:HorizontalPanel>
                                            <g:HorizontalPanel height="20%" width="100%">
                                                <g:Cell width="50%" height="100%">
                                                    <g:Label text="Tnx Value Date" width="50%" height="100%"/>
                                                </g:Cell>
                                                <g:Cell width="50%" height="100%">
                                                    <g:TextBox />
                                                </g:Cell>

                                            </g:HorizontalPanel>
                                        </g:VerticalPanel>
                                    </g:Cell>
                                    <g:Cell width="50%" height="100%">
                                        <g:VerticalPanel height="100%" width="50%">
                                            <g:HorizontalPanel height="20%" width="100%">
                                                <g:Cell width="50%" height="100%">
                                                    <g:Label text="Risk Party Code"/>
                                                </g:Cell>
                                                <g:Cell width="50%" height="100%">
                                                    <g:TextBox/>
                                                </g:Cell>
                                            </g:HorizontalPanel>
                                            <g:HorizontalPanel height="20%" width="100%">
                                                <g:Cell width="50%" height="100%">
                                                    <g:Label text="Our Customer"/>
                                                </g:Cell>
                                                <g:Cell width="50%" height="100%">
                                                    <g:TextBox/>
                                                </g:Cell>
                                            </g:HorizontalPanel>
                                            <g:HorizontalPanel height="20%" width="100%">
                                                <g:Cell width="50%" height="100%">
                                                    <g:Label text="Staff"/>
                                                </g:Cell>
                                                <g:Cell width="50%" height="100%">
                                                    <g:TextBox/>
                                                </g:Cell>
                                            </g:HorizontalPanel>
                                            <g:HorizontalPanel height="20%" width="100%">
                                                <g:Cell width="50%" height="100%">
                                                    <g:Label text="Department"/>
                                                </g:Cell>
                                                <g:Cell width="50%" height="100%">
                                                    <g:TextBox/>
                                                </g:Cell>
                                            </g:HorizontalPanel>
                                        </g:VerticalPanel>
                                    </g:Cell>
                                </g:HorizontalPanel>
                            </g:Cell>
                        </g:VerticalPanel>
                    </g:Cell>
                </g:HorizontalPanel>
                <g:HorizontalPanel>
                    <g:Button ui:field="btnSubmit">Add</g:Button>
                </g:HorizontalPanel>
            </g:VerticalPanel>

        </g:north>

    </g:DockLayoutPanel>
</ui:UiBinder>