<?xml version="1.0" encoding="UTF-8"?>
<module rename-to='DemoApp'>
  <!-- Inherit the core Web Toolkit stuff.                        -->
  <inherits name='com.google.gwt.user.User' />

  <!-- We need the JUnit module in the main module,               -->
  <!-- otherwise eclipse complains (Google plugin bug?)           -->
  <inherits name='com.google.gwt.junit.JUnit' />

  <!-- Inherit the default GWT style sheet.  You can change       -->
  <!-- the theme of your GWT application by uncommenting          -->
  <!-- any one of the following lines.                            -->
  <inherits name='com.google.gwt.user.theme.standard.Standard' />
  <!-- <inherits name='com.google.gwt.user.theme.chrome.Chrome'/> -->
  <!-- <inherits name='com.google.gwt.user.theme.dark.Dark'/>     -->

  <!-- Other module inherits
                                    -->
    <inherits name="com.google.gwt.activity.Activity"/>
    <inherits name="com.google.gwt.place.Place"/>
    <inherits name="com.google.gwt.inject.Inject"/>
    <inherits name="com.github.gwtbootstrap.Bootstrap"/>
    <inherits name="com.smartgwt.SmartGwt"/>

    <replace-with class="com.pvr.demo.client.common.pvrresources.ThemeConfigurator">
        <when-type-is class="com.github.gwtbootstrap.client.ui.config.Configurator"/>
    </replace-with>
    <public path="resources">
        <exclude name="** /*.java"/>
        <exclude name="** /*.class"/>
    </public>


    <!-- Specify the app entry point class.                         -->
  <entry-point class='com.pvr.demo.client.DemoApp' />

  <!-- Specify the paths for translatable code                    -->
  <source path='client' />
  <source path='shared' />

</module>
