<ui:UiBinder xmlns:ui='urn:ui:com.google.gwt.uibinder'
             xmlns:g='urn:import:com.google.gwt.user.client.ui'
             xmlns:b="urn:import:com.github.gwtbootstrap.client.ui">
    <ui:with type="com.pvr.demo.client.common.pvrresources.PvrResources" field="res" />
    <g:DockLayoutPanel unit='PCT' width="100%" height="100%">
        <g:north size='25'>
            <g:HTMLPanel width="100%" >
                <g:Image ui:field="header" resource='{res.header}'></g:Image>
                <!--<g:Image resource='{res.header}'/>-->
            </g:HTMLPanel>
        </g:north>
        <g:west size="20">
            <g:HorizontalPanel width="100%" height="100%" addStyleNames="{res.myStyle.border}">
                <g:ScrollPanel width="100%" height="100%">
                    <g:FlowPanel width="100%" height="100%">
                        <g:VerticalPanel width="100%" height="30">
                            <g:HTMLPanel width="100%" height="2%"></g:HTMLPanel>
                            <b:Label  addStyleNames="{res.myStyle.headerLabel}" height="40" width="100%">Trade Finance 3</b:Label>
                            <g:HTMLPanel width="100%"  height="2%"></g:HTMLPanel>
                        </g:VerticalPanel>
                        <g:VerticalPanel width="100%" height="100%">
                            <b:Button ui:field="btnCreate" width="95%">ReImbursement</b:Button>
                            <b:Button ui:field="btnVerify" width="95%">Verify Email Domain</b:Button>
                        </g:VerticalPanel>
                    </g:FlowPanel>
                </g:ScrollPanel>


            </g:HorizontalPanel>


        </g:west>
        <g:center>
           <!-- <g:HTML>
                <div id='loginform'>Hello!</div>
            </g:HTML>-->
            <g:SimplePanel ui:field="detailArea" addStyleNames="{res.myStyle.mainlayout}"></g:SimplePanel>
        </g:center>
        <!--<g:south size="20">
            <g:SimplePanel  addStyleNames="{res.myStyle.border}"></g:SimplePanel>
        </g:south>-->
    </g:DockLayoutPanel>
</ui:UiBinder>