<ui:UiBinder xmlns:ui='urn:ui:com.google.gwt.uibinder'
             xmlns:g='urn:import:com.google.gwt.user.client.ui'>
    <g:DockLayoutPanel ui:field="dashField" unit='PCT' width="100%" height="100%">

        <g:north size="100" >

            <g:HorizontalPanel width="100%">


                <g:VerticalPanel width="50%">
                    <g:HorizontalPanel width="20%" >

                        <g:VerticalPanel>
                            <g:Label ui:field="lblName">Domain Name</g:Label>
                        </g:VerticalPanel>
                        <g:HTMLPanel width="10%"></g:HTMLPanel>
                        <g:VerticalPanel>
                            <g:TextBox ui:field="txtname"/>
                        </g:VerticalPanel>
                    </g:HorizontalPanel>
                    <g:HorizontalPanel>
                        <g:Button ui:field="btnSubmit">Verify</g:Button>
                    </g:HorizontalPanel>

                </g:VerticalPanel>

            </g:HorizontalPanel>

        </g:north>

    </g:DockLayoutPanel>
</ui:UiBinder>